method,n,t
Stooge,250,1.545159101486206
Stooge,325,4.5294349193573
Stooge,400,4.384151935577393
Stooge,475,13.231052875518799
Stooge,550,13.540250062942505
Stooge,625,13.447490215301514
Stooge,700,13.333714962005615
Stooge,775,40.1469669342041
Stooge,850,39.97241997718811
Stooge,925,39.1190140247345
